Doc_ID,Source,Date,Speaker/Section,Text ,clean_text
H001,Hansard,2022-03-14,MP – Parliamentary Debate,"Cryptoassets provide strong innovation potential, helping the UK stay competitive in fintech. However, MPs raise concerns about market volatility, crypto scams, and lack of regulation that may leave consumers unprotected. Parliament insists regulation must balance innovation with safety to build trust. Stablecoins could reduce transaction costs and unlock new payment models but risk destabilising markets if not supported by proper reserve assets. The FCA must closely supervise crypto firms to ensure transparency, cyber resilience, and AML compliance.",mp parliamentary debate
H002,Hansard,2021-11-06,MP – Treasury Committee,"Members highlight that many young people are attracted into crypto investing without understanding volatility. Parliament stresses rapid policy action to prevent fraud, misleading promotions, and unregulated exchanges harming UK citizens. MPs request improved education and stronger risk disclosures.",mp treasury committee
H003,Hansard,2023-01-18,Finance Bill Debate,"MPs debate the need to classify cryptoassets within UK tax rules. Uncertainty around staking rewards, wallet-based capital gains, and token distributions may lead to tax evasion or unintentional breaches. Proper guidance will ensure fairness and help mainstream adoption.",finance bill debate
H004,Hansard,2023-06-22,MP – Economic Growth Debate,The UK seeks to become a global hub for blockchain innovation. Parliament acknowledges huge growth opportunities but stresses that risks such as cybercrime and market manipulation must be managed carefully with clear regulation.,mp economic growth debate
H005,Hansard,2022-10-03,MP – Digital Regulation,Marketing content often hides risk and exaggerates profit potential. MPs call for the FCA to enforce transparent messaging that ensures consumers are aware they may lose all invested funds. Strengthened oversight is needed.,mp digital regulation
H006,Hansard,2023-04-11,MP – Financial Stability Debate,Exchange collapses have shown how failures can spread panic across markets. Parliament urges Treasury and FCA to implement strict operational resilience rules for crypto payment systems and custodians.,mp financial stability debate
H007,Hansard,2022-08-25,MP – Anti-Crime Bill,"Crypto is frequently used for money laundering and ransomware payments. Parliament proposes advanced blockchain analytics, stronger law enforcement cooperation, and higher penalties for firms enabling illegal finance.",mp anti crime bill
H008,Hansard,2021-09-29,MP – Consumer Safety,"Scams, phishing links, and fraud continue targeting inexperienced retail investors. MPs recommend better public awareness campaigns and an early-warning framework for harmful platforms before customers are affected.",mp consumer safety
H009,Hansard,2022-07-04,Treasury Committee,Members raise concerns that decentralised finance may worsen financial instability if poorly managed liquidity and code failures occur. Accountability mechanisms must ensure investor rights.,treasury committee
H010,Hansard,2023-02-13,MP – Innovation Strategy Debate,"Blockchain can support digital ID, smart contracts, and supply chain tracking. UK should introduce sandbox testing and responsible innovation grants while maintaining consumer-first principles in regulation.",mp innovation strategy debate
H011,Hansard,2022-05-09,MP – Committee Hearing,"MPs state that crypto lending platforms operate with unclear governance and no capital protection, exposing consumers to severe financial losses if a firm collapses. Parliament urges Treasury to set minimum reserve requirements, segregation of client assets, and mandatory external audits. A stronger framework would ensure accountability and transparency. Blockchain innovation must not outpace risk controls.",mp committee hearing
H012,Hansard,2023-09-21,MP – Consumer Finance Debate,"Growing concerns arise about leveraged crypto trading encouraging risky debt among young people. Parliament stresses affordability checks, suitability assessments, and clearer labelling of high-risk speculation. Education initiatives are vital to improve awareness of liquidation risks and irreversible blockchain transactions.",mp consumer finance debate
H013,Hansard,2021-07-18,Committee on Cybersecurity,MPs warn that ransomware growth is tightly linked to untraceable crypto payment channels. Parliament proposes increased intelligence sharing with international regulators and deployment of blockchain forensics to detect hacked fund flows. National security concerns demand stronger monitoring of crypto mixing services.,committee on cybersecurity
H014,Hansard,2023-03-28,MP – Tech Innovation,The UK should embrace tokenisation to drive efficiency in property and supply chain markets. Parliament encourages innovation hubs but insists that developers launching high-risk tokens remain accountable to regulators for consumer safety and transparent disclosures.,mp tech innovation
H015,Hansard,2022-12-02,MP – Market Integrity,"Insider trading occurs when privileged actors exploit new token listings before the public. MPs call for market surveillance tools and restrictions on trading by insiders prior to announcements, ensuring fairness similar to regulated securities markets.",mp market integrity
H016,Hansard,2023-07-13,MP – Financial Conduct Debate,Parliament urges that clearer governance and accountability apply to crypto custodians and wallet providers. Recent failures show users can lose funds without redress. Calls made for FCA to accelerate approval processes while enforcing resilience standards to avoid systemic damage.,mp financial conduct debate
H017,Hansard,2022-09-22,MP – Economic Crime Bill,Members emphasise that encrypted blockchain services can hide stolen money. Parliament asks for strict regulation of crypto mixers and mandatory reporting of suspicious wallet patterns. Coordination between police and crypto analytics firms is needed.,mp economic crime bill
H018,Hansard,2021-08-15,MP – Public Safety Debate,"Parliament emphasises digital literacy education because investors struggle to identify phishing attacks, including fake wallet recovery links. MPs demand major technology platforms remove harmful advertisements and support secure identity tools.",mp public safety debate
H019,Hansard,2023-10-09,MP – Payments Framework,"MPs discuss integrating stablecoins into the UK retail payment ecosystem. Mandatory liquidity coverage, redemption guarantees, and fraud safeguards are needed before widespread adoption to prevent economic shocks.",mp payments framework
H020,Hansard,2022-11-11,MP – Innovation and Oversight,"Debate notes that regulatory sandboxes accelerate fintech growth, but Parliament insists firms in testing must not exploit consumers. Stronger transparency rules for token issuers help avoid speculative crashes and maintain public trust in digital assets.",mp innovation and oversight
